Entity,Code,Year,Dollars
Mongolia,MNG,2012,0.33
Zimbabwe,ZWE,2012,0.67
Cambodia,KHM,2012,0.86
Pakistan,PAK,2012,0.97
Philippines,PHL,2012,1.23
Kazakhstan,KAZ,2012,1.26
Bangladesh,BGD,2012,1.38
Russia,RUS,2012,1.52
United Arab Emirates,ARE,2012,1.55
Georgia,GEO,2012,1.57
Senegal,SEN,2012,1.61
Uzbekistan,UZB,2012,1.64
Colombia,COL,2012,1.67
Zambia,ZMB,2012,1.68
Armenia,ARM,2012,1.69
Kenya,KEN,2012,1.69
Yemen,YEM,2012,1.71
Azerbaijan,AZE,2012,1.75
Nigeria,NGA,2012,1.75
Ukraine,UKR,2012,1.76
Nepal,NPL,2012,1.78
Belarus,BLR,2012,1.79
Uganda,UGA,2012,1.79
Algeria,DZA,2012,1.84
